network,n_nodes,out_degree,weight_regime,mc_model,mc_slope,mc_decay_rate,mc_p_slope,mc_p_slope_fmt,mc_r_squared,mc_mean_p,mc_mean_cohens_d,kr_model,kr_slope,kr_decay_rate,kr_p_slope,kr_p_slope_fmt,kr_r_squared,kr_mean_p,kr_mean_cohens_d
SW,64,6,binary,linear,-0.8564,,0.0000,<0.0001,0.9924,0.0883,0.5529,linear,-0.0909,,0.0196,<0.05,0.4717,0.1991,0.5851
SW,64,6,random_narrow,linear,-0.8190,,0.0000,<0.0001,0.9877,0.0278,0.4847,linear,-0.3109,,0.0003,<0.001,0.7756,0.3405,0.2991
SW,64,6,random_broad,linear,-2.8881,,0.0000,<0.0001,0.9517,0.1845,-0.0771,linear,-3.1545,,0.0000,<0.0001,0.9554,0.3986,-0.0460
SW,64,6,adjusted_narrow,linear,-0.8644,,0.0000,<0.0001,0.9447,0.0609,0.4519,linear,-0.2745,,0.0135,<0.05,0.5103,0.3567,0.3012
SW,64,6,adjusted_broad,exponential,-2.1412,-2.1412,0.0045,<0.01,0.9649,0.3135,-0.0589,exponential,-3.1920,-3.1920,0.0003,<0.001,0.9749,0.4346,-0.0019
SW,64,10,binary,linear,-0.3023,,0.0000,<0.0001,0.9921,0.0874,0.4523,linear,-0.0182,,0.3721,0.372,0.0893,0.4297,0.1325
SW,64,10,random_narrow,linear,-0.3299,,0.0000,<0.0001,0.9824,0.1330,0.3850,linear,-0.0236,,0.3358,0.336,0.1030,0.4595,0.1294
SW,64,10,random_broad,linear,-1.4082,,0.0000,<0.0001,0.9109,0.2778,-0.0578,linear,-1.0091,,0.0007,<0.001,0.7391,0.4306,0.0094
SW,64,10,adjusted_narrow,linear,-0.2958,,0.0020,<0.01,0.6709,0.1085,0.3519,linear,-0.0400,,0.2958,0.296,0.1204,0.4390,0.0680
SW,64,10,adjusted_broad,exponential,-0.7305,-0.7305,0.0752,0.075,0.9811,0.3950,-0.0304,exponential,-0.7314,-0.7314,0.0861,0.086,0.9793,0.5977,-0.0403
SW,128,6,binary,linear,-1.1289,,0.0000,<0.0001,0.9960,0.0000,0.8964,linear,-0.2618,,0.0023,<0.01,0.6638,0.0529,0.4811
SW,128,6,random_narrow,linear,-1.2209,,0.0000,<0.0001,0.9927,0.0000,0.7271,linear,-0.5618,,0.0001,<0.001,0.8247,0.0062,0.7112
SW,128,6,random_broad,linear,-4.6123,,0.0000,<0.0001,0.9158,0.1287,-0.0048,linear,-5.2127,,0.0000,<0.0001,0.9119,0.3848,0.1109
SW,128,6,adjusted_narrow,linear,-1.2941,,0.0000,<0.0001,0.9356,0.0000,0.6571,linear,-0.4236,,0.0478,<0.05,0.3681,0.0325,0.7099
SW,128,6,adjusted_broad,exponential,-5.5985,-5.5985,0.0028,<0.01,0.9266,0.2051,0.0372,exponential,-7.4721,-7.4721,0.0005,<0.001,0.9560,0.3926,0.0761
SW,128,10,binary,linear,-0.3513,,0.0000,<0.0001,0.9861,0.0007,0.8915,linear,-0.0073,,0.7816,0.782,0.0090,0.4280,0.0460
SW,128,10,random_narrow,linear,-0.3802,,0.0000,<0.0001,0.9914,0.0349,0.7494,linear,-0.1909,,0.0024,<0.01,0.6594,0.1937,0.3150
SW,128,10,random_broad,linear,-2.6155,,0.0000,<0.0001,0.9512,0.2697,-0.0315,linear,-1.9000,,0.0003,<0.001,0.7832,0.3142,-0.0038
SW,128,10,adjusted_narrow,linear,-0.3730,,0.0034,<0.01,0.6327,0.0049,0.6612,linear,0.0709,,0.5557,0.556,0.0399,0.4409,0.2705
SW,128,10,adjusted_broad,exponential,-1.8144,-1.8144,0.0053,<0.01,0.9713,0.2249,-0.0302,exponential,-2.3583,-2.3583,0.0020,<0.01,0.9691,0.4120,-0.0334
SW,256,6,binary,linear,-1.8718,,0.0000,<0.0001,0.9970,0.0000,0.9460,linear,-0.3145,,0.0228,<0.05,0.4548,0.0013,0.8349
SW,256,6,random_narrow,linear,-1.8847,,0.0000,<0.0001,0.9990,0.0000,0.8873,linear,-0.3436,,0.0000,<0.0001,0.8717,0.0187,1.1324
SW,256,6,random_broad,linear,-7.0254,,0.0000,<0.0001,0.9049,0.0737,-0.1075,linear,-9.4964,,0.0000,<0.0001,0.8670,0.4283,-0.1158
SW,256,6,adjusted_narrow,linear,-2.0416,,0.0000,<0.0001,0.9729,0.0000,0.7695,linear,-0.3709,,0.0149,<0.05,0.5001,0.0270,1.0038
SW,256,6,adjusted_broad,exponential,-8.9656,-8.9656,0.0014,<0.01,0.9412,0.2786,-0.0105,exponential,-13.1999,-13.1999,0.0003,<0.001,0.9710,0.5670,-0.0053
SW,256,10,binary,linear,-0.6534,,0.0000,<0.0001,0.9925,0.0000,1.0795,linear,0.0127,,0.6657,0.666,0.0217,0.3932,-0.0312
SW,256,10,random_narrow,linear,-0.6709,,0.0000,<0.0001,0.9946,0.0000,1.0476,linear,-0.1509,,0.1781,0.178,0.1917,0.0285,0.7941
SW,256,10,random_broad,linear,-4.2603,,0.0000,<0.0001,0.8976,0.3477,-0.0143,linear,-3.6436,,0.0000,<0.0001,0.9028,0.6315,0.0060
SW,256,10,adjusted_narrow,linear,-0.6457,,0.0002,<0.001,0.8118,0.0000,0.9468,linear,-0.0600,,0.7510,0.751,0.0118,0.0290,0.8183
SW,256,10,adjusted_broad,exponential,-4.6385,-4.6385,0.0006,<0.001,0.9589,0.3474,0.0163,exponential,-5.4397,-5.4397,0.0003,<0.001,0.9619,0.5305,0.0102
SW,512,6,binary,linear,-3.0941,,0.0000,<0.0001,0.9984,0.0000,0.9423,linear,-0.1673,,0.3202,0.320,0.1095,0.0382,1.1744
SW,512,6,random_narrow,linear,-3.1672,,0.0000,<0.0001,0.9991,0.0000,1.0026,linear,-0.0909,,0.1940,0.194,0.1796,0.2160,1.3064
SW,512,6,random_broad,linear,-8.7561,,0.0001,<0.0001,0.8476,0.2408,-0.1137,linear,-13.7418,,0.0002,<0.001,0.7960,0.3107,-0.2493
SW,512,6,adjusted_narrow,linear,-3.5355,,0.0000,<0.0001,0.9917,0.0000,0.8210,linear,-0.1855,,0.1209,0.121,0.2458,0.2173,0.9136
SW,512,6,adjusted_broad,exponential,-13.5073,-13.5073,0.0004,<0.001,0.9677,0.3488,-0.0489,exponential,-23.1597,-23.1597,0.0005,<0.001,0.9872,0.4299,-0.0692
SW,512,10,binary,linear,-1.2435,,0.0000,<0.0001,0.9865,0.0000,1.2148,linear,0.2400,,0.0559,0.056,0.3485,0.1544,0.6152
SW,512,10,random_narrow,linear,-1.2373,,0.0000,<0.0001,0.9915,0.0000,1.1264,linear,-0.2218,,0.1526,0.153,0.2134,0.0721,1.1250
SW,512,10,random_broad,linear,-6.3239,,0.0000,<0.0001,0.8890,0.3479,-0.0142,linear,-6.4291,,0.0000,<0.0001,0.8691,0.4137,0.1790
SW,512,10,adjusted_narrow,linear,-1.3270,,0.0000,<0.0001,0.9549,0.0000,0.9631,linear,-0.1018,,0.6553,0.655,0.0231,0.1191,0.9348
SW,512,10,adjusted_broad,exponential,-7.9736,-7.9736,0.0001,<0.001,0.9685,0.3342,-0.0038,exponential,-10.1234,-10.1234,0.0001,<0.0001,0.9772,0.5229,0.0738
SW,1024,6,binary,linear,-4.6110,,0.0000,<0.0001,0.9963,0.0000,1.0893,linear,-0.9485,,0.0007,<0.001,0.7405,0.0225,1.2902
SW,1024,6,random_narrow,linear,-5.1885,,0.0000,<0.0001,0.9918,0.0000,0.9250,linear,0.0000,,,NaN,,0.2086,0.2746
SW,1024,6,random_broad,linear,-8.8393,,0.0002,<0.001,0.8122,0.2399,-0.0853,linear,-22.8394,,0.0025,<0.01,0.6566,0.4955,0.0253
SW,1024,6,adjusted_narrow,linear,-5.1784,,0.0000,<0.0001,0.9826,0.0000,0.9630,linear,0.2909,,0.1113,0.111,0.2573,0.1669,0.3723
SW,1024,6,adjusted_broad,exponential,-16.9673,-16.9673,0.0002,<0.001,0.9798,0.2268,-0.0346,exponential,-26.3945,-26.3945,0.0001,<0.001,0.9941,0.4172,0.0624
SW,1024,10,binary,linear,-2.0805,,0.0000,<0.0001,0.9845,0.0000,1.2842,linear,0.7030,,0.0059,<0.01,0.5876,0.0695,1.1903
SW,1024,10,random_narrow,linear,-2.6527,,0.0000,<0.0001,0.9937,0.0000,0.8151,linear,0.0000,,,NaN,,0.0660,0.4172
SW,1024,10,random_broad,linear,-7.5790,,0.0000,<0.0001,0.8779,0.2555,0.0256,linear,-12.3333,,0.0002,<0.001,0.8091,0.6257,0.0855
SW,1024,10,adjusted_narrow,linear,-2.3892,,0.0000,<0.0001,0.9902,0.0000,1.2308,linear,0.0000,,,NaN,,0.0335,0.5944
SW,1024,10,adjusted_broad,exponential,-10.9981,-10.9981,0.0001,<0.0001,0.9778,0.1522,0.0201,exponential,-17.2831,-17.2831,0.0000,<0.0001,0.9906,0.5438,-0.0335
HM,64,6,binary,linear,-1.2555,,0.0000,<0.0001,0.9953,0.0015,0.3565,linear,-0.4491,,0.0000,<0.0001,0.8819,0.0066,0.7334
HM,64,6,random_narrow,linear,-1.2872,,0.0000,<0.0001,0.9944,0.0118,0.2771,linear,-0.6164,,0.0001,<0.0001,0.8425,0.0481,0.8376
HM,64,6,random_broad,linear,-2.7941,,0.0000,<0.0001,0.9055,0.3046,-0.1170,linear,-3.0182,,0.0000,<0.0001,0.8967,0.2859,-0.1184
HM,64,6,adjusted_narrow,linear,-1.4089,,0.0000,<0.0001,0.9684,0.0784,0.2492,linear,-0.6345,,0.0000,<0.0001,0.9206,0.0430,0.7600
HM,64,6,adjusted_broad,exponential,-2.1591,-2.1591,0.0007,<0.001,0.9803,0.3019,-0.0362,exponential,-3.0328,-3.0328,0.0004,<0.001,0.9743,0.5124,-0.0340
HM,64,10,binary,linear,-0.4549,,0.0001,<0.001,0.8132,0.0000,2.0401,linear,0.3982,,0.0330,<0.05,0.4130,0.0130,1.1146
HM,64,10,random_narrow,linear,-0.3144,,0.0075,<0.01,0.5667,0.0000,2.0127,linear,0.3091,,0.0349,<0.05,0.4061,0.0000,1.7345
HM,64,10,random_broad,linear,-1.2743,,0.0001,<0.0001,0.8501,0.1844,-0.0491,linear,-1.0273,,0.0009,<0.001,0.7215,0.3647,0.0662
HM,64,10,adjusted_narrow,linear,-0.3631,,0.0003,<0.001,0.7859,0.0000,1.9151,linear,0.2127,,0.1443,0.144,0.2212,0.0000,1.6010
HM,64,10,adjusted_broad,exponential,-0.5634,-0.5634,0.3599,0.360,0.9510,0.1712,-0.0586,exponential,-1.8771,-1.8771,0.0378,<0.05,0.9320,0.2843,-0.0643
HM,128,6,binary,linear,-1.9172,,0.0000,<0.0001,0.9856,0.2435,0.5111,linear,-0.5418,,0.0005,<0.001,0.7586,0.0000,2.8057
HM,128,6,random_narrow,linear,-1.8955,,0.0000,<0.0001,0.9942,0.2967,0.4313,linear,-0.7855,,0.0000,<0.0001,0.9431,0.0000,1.7510
HM,128,6,random_broad,linear,-3.9451,,0.0000,<0.0001,0.8905,0.0751,-0.1946,linear,-4.4836,,0.0002,<0.001,0.7998,0.1930,-0.2668
HM,128,6,adjusted_narrow,linear,-1.9204,,0.0000,<0.0001,0.9640,0.2166,0.2770,linear,-0.8109,,0.0000,<0.0001,0.9437,0.0000,1.6346
HM,128,6,adjusted_broad,exponential,-5.1388,-5.1388,0.0006,<0.001,0.9563,0.1972,-0.0690,exponential,-7.5675,-7.5675,0.0003,<0.001,0.9611,0.5174,-0.0786
HM,128,10,binary,linear,-1.0170,,0.0000,<0.0001,0.9494,0.0000,2.3273,linear,0.2964,,0.0326,<0.05,0.4144,0.0000,3.6843
HM,128,10,random_narrow,linear,-0.7129,,0.0000,<0.0001,0.9123,0.0000,2.9304,linear,-0.0273,,0.7497,0.750,0.0119,0.0000,4.3964
HM,128,10,random_broad,linear,-2.5367,,0.0000,<0.0001,0.9009,0.0684,-0.2615,linear,-2.3927,,0.0000,<0.0001,0.8975,0.2437,-0.2980
HM,128,10,adjusted_narrow,linear,-0.7535,,0.0000,<0.0001,0.8809,0.0000,2.5885,linear,0.0873,,0.2132,0.213,0.1662,0.0000,3.1935
HM,128,10,adjusted_broad,exponential,-2.0718,-2.0718,0.0026,<0.01,0.9722,0.2018,-0.0653,exponential,-3.0655,-3.0655,0.0002,<0.001,0.9782,0.3852,-0.1849
HM,256,6,binary,linear,-2.3680,,0.0000,<0.0001,0.9775,0.0000,-0.4396,linear,-0.7109,,0.0005,<0.001,0.7617,0.0000,3.6583
HM,256,6,random_narrow,linear,-2.4936,,0.0000,<0.0001,0.9841,0.0000,-0.4867,linear,-0.8218,,0.0000,<0.0001,0.9534,0.0000,1.9365
HM,256,6,random_broad,linear,-5.5362,,0.0000,<0.0001,0.9256,0.2883,-0.2139,linear,-6.5636,,0.0001,<0.0001,0.8379,0.1171,-0.5233
HM,256,6,adjusted_narrow,linear,-2.5431,,0.0000,<0.0001,0.9353,0.0053,-0.5745,linear,-0.8255,,0.0001,<0.0001,0.8469,0.0000,1.7117
HM,256,6,adjusted_broad,exponential,-7.1647,-7.1647,0.0004,<0.001,0.9588,0.2617,-0.0350,exponential,-10.1817,-10.1817,0.0001,<0.0001,0.9763,0.4152,-0.1027
HM,256,10,binary,linear,-1.5547,,0.0000,<0.0001,0.9497,0.0152,1.0938,linear,0.0782,,0.3366,0.337,0.1027,0.0000,5.2797
HM,256,10,random_narrow,linear,-1.3820,,0.0000,<0.0001,0.9699,0.0000,1.6540,linear,0.1655,,0.2371,0.237,0.1513,0.0000,3.7809
HM,256,10,random_broad,linear,-4.4758,,0.0000,<0.0001,0.9681,0.0191,-0.2551,linear,-4.2036,,0.0000,<0.0001,0.9362,0.1393,-0.4139
HM,256,10,adjusted_narrow,linear,-1.3899,,0.0001,<0.0001,0.8385,0.1901,1.2502,linear,0.1800,,0.1453,0.145,0.2202,0.0000,4.0803
HM,256,10,adjusted_broad,exponential,-3.5484,-3.5484,0.0086,<0.01,0.9185,0.3416,-0.0277,exponential,-5.8029,-5.8029,0.0024,<0.01,0.9291,0.3920,-0.1049
HM,512,6,binary,linear,-3.1283,,0.0000,<0.0001,0.9868,0.0000,-1.5616,linear,-0.7600,,0.0000,<0.0001,0.9131,0.0000,3.8481
HM,512,6,random_narrow,linear,-3.3124,,0.0000,<0.0001,0.9872,0.0000,-1.4824,linear,-0.8218,,0.0000,<0.0001,0.8818,0.0011,1.8985
HM,512,6,random_broad,linear,-6.7741,,0.0001,<0.0001,0.8433,0.2192,-0.2030,linear,-9.2000,,0.0014,<0.01,0.6971,0.2977,-0.4462
HM,512,6,adjusted_narrow,linear,-3.5014,,0.0000,<0.0001,0.9623,0.0000,-1.3235,linear,-0.7891,,0.0003,<0.001,0.7755,0.0046,1.5402
HM,512,6,adjusted_broad,exponential,-10.5738,-10.5738,0.0003,<0.001,0.9644,0.2514,-0.1366,exponential,-15.1011,-15.1011,0.0001,<0.0001,0.9829,0.4344,-0.0915
HM,512,10,binary,linear,-1.8073,,0.0000,<0.0001,0.9412,0.0001,-1.3037,linear,1.1564,,0.0016,<0.01,0.6868,0.0000,5.9607
HM,512,10,random_narrow,linear,-1.7978,,0.0000,<0.0001,0.9635,0.0000,-0.7295,linear,0.3055,,0.1487,0.149,0.2170,0.0000,2.7502
HM,512,10,random_broad,linear,-6.3572,,0.0000,<0.0001,0.9551,0.1338,-0.1873,linear,-7.2473,,0.0000,<0.0001,0.8862,0.4275,-0.2625
HM,512,10,adjusted_narrow,linear,-1.8395,,0.0000,<0.0001,0.8726,0.0008,-0.8954,linear,0.2218,,0.0714,0.071,0.3170,0.0024,2.7387
HM,512,10,adjusted_broad,exponential,-6.8021,-6.8021,0.0020,<0.01,0.9317,0.0900,0.0446,exponential,-11.4107,-11.4107,0.0002,<0.001,0.9715,0.6328,0.0584
HM,1024,6,binary,linear,-4.5040,,0.0000,<0.0001,0.9939,0.0000,-1.6565,linear,0.3697,,0.3213,0.321,0.1091,0.0000,4.4149
HM,1024,6,random_narrow,linear,-5.0972,,0.0000,<0.0001,0.9907,0.0065,-0.6666,linear,-0.3091,,0.2995,0.300,0.1187,0.0000,4.2504
HM,1024,6,random_broad,linear,-6.0630,,0.0001,<0.0001,0.8385,0.0933,-0.0436,linear,-12.4515,,0.0022,<0.01,0.6650,0.3683,-0.3003
HM,1024,6,adjusted_narrow,linear,-5.1635,,0.0000,<0.0001,0.9742,0.0062,-1.0405,linear,-0.4424,,0.0574,0.057,0.3450,0.0000,3.7184
HM,1024,6,adjusted_broad,exponential,-11.9511,-11.9511,0.0007,<0.001,0.9588,0.2502,0.0053,exponential,-21.3492,-21.3492,0.0001,<0.0001,0.9910,0.4804,-0.1286
HM,1024,10,binary,linear,-2.0558,,0.0000,<0.0001,0.9826,0.0000,-2.2623,linear,1.4394,,0.0105,<0.05,0.5356,0.0000,7.8086
HM,1024,10,random_narrow,linear,-2.5428,,0.0000,<0.0001,0.9977,0.0332,-0.6585,linear,1.4424,,0.0073,<0.01,0.5689,0.0012,4.3699
HM,1024,10,random_broad,linear,-5.9567,,0.0001,<0.0001,0.8514,0.0351,-0.2386,linear,-9.7394,,0.0017,<0.01,0.6838,0.1666,-0.4040
HM,1024,10,adjusted_narrow,linear,-2.4014,,0.0000,<0.0001,0.9706,0.1015,-0.9469,linear,1.1455,,0.0127,<0.05,0.5165,0.0000,4.0461
HM,1024,10,adjusted_broad,exponential,-11.2617,-11.2617,0.0007,<0.001,0.9572,0.1818,-0.0826,exponential,-18.2053,-18.2053,0.0001,<0.001,0.9855,0.3665,-0.1385
HCP,64,6,binary,linear,-1.0699,,0.0000,<0.0001,0.9679,0.0000,-2.2742,linear,-0.7582,,0.0000,<0.0001,0.9273,0.0113,-1.3172
HCP,64,6,random_narrow,linear,-1.1242,,0.0000,<0.0001,0.9661,0.0000,-2.1378,linear,-0.5236,,0.0000,<0.0001,0.8871,0.0005,-0.8868
HCP,64,6,random_broad,linear,-2.2952,,0.0000,<0.0001,0.9053,0.0209,-0.3042,linear,-2.3873,,0.0000,<0.0001,0.8725,0.1685,-0.3582
HCP,64,6,adjusted_narrow,linear,-1.0661,,0.0000,<0.0001,0.8625,0.0000,-2.0361,linear,-0.4836,,0.0015,<0.01,0.6911,0.0005,-0.9017
HCP,64,6,adjusted_broad,exponential,-2.6415,-2.6415,0.0017,<0.01,0.9663,0.1803,-0.0881,exponential,-3.2838,-3.2838,0.0001,<0.0001,0.9834,0.4871,-0.0983
HCP,64,10,binary,linear,-0.5566,,0.0000,<0.0001,0.9719,0.0000,-1.1137,linear,-0.1345,,0.0012,<0.01,0.7057,0.2982,-0.2149
HCP,64,10,random_narrow,linear,-0.5753,,0.0000,<0.0001,0.9671,0.0000,-1.0431,linear,0.0036,,0.8703,0.870,0.0031,0.3651,-0.0556
HCP,64,10,random_broad,linear,-1.3279,,0.0000,<0.0001,0.8718,0.1041,-0.2228,linear,-1.0600,,0.0000,<0.0001,0.8807,0.4390,-0.1974
HCP,64,10,adjusted_narrow,linear,-0.5403,,0.0003,<0.001,0.7793,0.0000,-1.0156,linear,-0.0273,,0.2107,0.211,0.1679,0.3855,-0.0662
HCP,64,10,adjusted_broad,exponential,-0.2954,-0.2954,0.6737,0.674,0.9338,0.0883,-0.0648,exponential,-0.4998,-0.4998,0.4784,0.478,0.9351,0.2671,-0.0869
HCP,128,6,binary,linear,-1.0406,,0.0000,<0.0001,0.9417,0.0000,-4.5598,linear,-0.5345,,0.0004,<0.001,0.7742,0.0001,-1.0355
HCP,128,6,random_narrow,linear,-1.1622,,0.0000,<0.0001,0.9369,0.0000,-4.3302,linear,-0.2982,,0.0001,<0.0001,0.8416,0.0001,-1.4909
HCP,128,6,random_broad,linear,-3.1957,,0.0000,<0.0001,0.8986,0.0501,-0.4027,linear,-3.2727,,0.0000,<0.0001,0.8598,0.1505,-0.6335
HCP,128,6,adjusted_narrow,linear,-1.0795,,0.0002,<0.001,0.8093,0.0000,-4.1401,linear,-0.3091,,0.0014,<0.01,0.6984,0.0001,-1.4014
HCP,128,6,adjusted_broad,exponential,-3.5973,-3.5973,0.0004,<0.001,0.9701,0.2872,-0.1759,exponential,-5.0838,-5.0838,0.0000,<0.0001,0.9837,0.3546,-0.2758
HCP,128,10,binary,linear,-0.6016,,0.0000,<0.0001,0.9738,0.0000,-1.9842,linear,-0.0164,,0.4364,0.436,0.0686,0.4176,0.0555
HCP,128,10,random_narrow,linear,-0.6232,,0.0000,<0.0001,0.9627,0.0000,-2.0708,linear,-0.0418,,0.0911,0.091,0.2844,0.1568,-0.3984
HCP,128,10,random_broad,linear,-2.0771,,0.0000,<0.0001,0.9308,0.0314,-0.2004,linear,-2.2436,,0.0000,<0.0001,0.8759,0.1974,-0.3213
HCP,128,10,adjusted_narrow,linear,-0.5974,,0.0004,<0.001,0.7646,0.0000,-2.0182,linear,-0.0345,,0.0806,0.081,0.3008,0.1209,-0.4941
HCP,128,10,adjusted_broad,exponential,-1.9649,-1.9649,0.0000,<0.0001,0.9935,0.2440,-0.0524,exponential,-2.7106,-2.7106,0.0000,<0.0001,0.9886,0.4843,-0.0377
HCP,256,6,binary,linear,-1.0830,,0.0000,<0.0001,0.9469,0.0000,-7.4525,linear,-0.5382,,0.0002,<0.001,0.7918,0.0000,-1.5638
HCP,256,6,random_narrow,linear,-1.2613,,0.0000,<0.0001,0.9555,0.0000,-7.1800,linear,-0.3982,,0.0020,<0.01,0.6732,0.0000,-2.1959
HCP,256,6,random_broad,linear,-4.4725,,0.0000,<0.0001,0.9112,0.1723,-0.2423,linear,-4.3582,,0.0000,<0.0001,0.8751,0.2359,-0.6203
HCP,256,6,adjusted_narrow,linear,-1.2037,,0.0001,<0.0001,0.8497,0.0000,-6.6207,linear,-0.2491,,0.1400,0.140,0.2254,0.0000,-2.2001
HCP,256,6,adjusted_broad,exponential,-5.9126,-5.9126,0.0008,<0.001,0.9496,0.2636,-0.1090,exponential,-6.8839,-6.8839,0.0003,<0.001,0.9606,0.5207,-0.2014
HCP,256,10,binary,linear,-0.6957,,0.0000,<0.0001,0.9819,0.0000,-3.0722,linear,0.0273,,0.3468,0.347,0.0987,0.5298,-0.0712
HCP,256,10,random_narrow,linear,-0.7500,,0.0000,<0.0001,0.9747,0.0000,-3.3569,linear,-0.0764,,0.0082,<0.01,0.5582,0.0645,-0.8224
HCP,256,10,random_broad,linear,-3.4541,,0.0000,<0.0001,0.9264,0.1719,-0.2550,linear,-2.9964,,0.0000,<0.0001,0.8582,0.2128,-0.3946
HCP,256,10,adjusted_narrow,linear,-0.6682,,0.0006,<0.001,0.7474,0.0000,-3.0616,linear,-0.0091,,0.7800,0.780,0.0091,0.0494,-0.8343
HCP,256,10,adjusted_broad,exponential,-3.3755,-3.3755,0.0006,<0.001,0.9681,0.3682,-0.0744,exponential,-3.9169,-3.9169,0.0003,<0.001,0.9688,0.5200,-0.0495
HCP,512,6,binary,linear,-1.4749,,0.0000,<0.0001,0.9715,0.0000,-10.4084,linear,-0.4000,,0.0458,<0.05,0.3735,0.0000,-2.9909
HCP,512,6,random_narrow,linear,-1.6357,,0.0000,<0.0001,0.9740,0.0000,-9.9782,linear,-0.7382,,0.0001,<0.001,0.8128,0.0000,-2.8121
HCP,512,6,random_broad,linear,-6.1952,,0.0000,<0.0001,0.9265,0.1505,-0.1142,linear,-7.3673,,0.0001,<0.0001,0.8364,0.5109,-0.3878
HCP,512,6,adjusted_narrow,linear,-1.6729,,0.0000,<0.0001,0.9210,0.0000,-8.9287,linear,-0.2509,,0.2876,0.288,0.1243,0.0000,-2.8114
HCP,512,6,adjusted_broad,exponential,-8.0481,-8.0481,0.0011,<0.01,0.9439,0.0934,-0.1001,exponential,-11.6964,-11.6964,0.0002,<0.001,0.9710,0.4566,-0.1598
HCP,512,10,binary,linear,-1.0637,,0.0000,<0.0001,0.9982,0.0000,-3.8966,linear,0.0000,,1.0000,1.000,0.0000,0.4044,0.0748
HCP,512,10,random_narrow,linear,-1.1229,,0.0000,<0.0001,0.9984,0.0000,-3.5947,linear,-0.0000,,1.0000,1.000,0.0000,0.2008,-0.7325
HCP,512,10,random_broad,linear,-5.1502,,0.0000,<0.0001,0.9278,0.0528,-0.0517,linear,-5.2255,,0.0001,<0.001,0.8254,0.5191,0.0847
HCP,512,10,adjusted_narrow,linear,-1.1174,,0.0000,<0.0001,0.9216,0.0000,-3.1552,linear,0.0655,,0.3810,0.381,0.0862,0.1060,-0.7855
HCP,512,10,adjusted_broad,exponential,-6.2318,-6.2318,0.0000,<0.0001,0.9777,0.1080,0.0889,exponential,-8.4489,-8.4489,0.0002,<0.001,0.9657,0.4197,0.1160
HCP,1024,6,binary,linear,-3.8072,,0.0000,<0.0001,0.9911,0.0000,-4.6488,linear,0.0000,,,NaN,,0.0394,-0.7406
HCP,1024,6,random_narrow,linear,-4.4225,,0.0000,<0.0001,0.9840,0.0000,-3.7949,linear,-1.0697,,0.0002,<0.001,0.8054,0.0595,-2.6154
HCP,1024,6,random_broad,linear,-7.8183,,0.0001,<0.001,0.8255,0.1258,0.0969,linear,-18.1152,,0.0012,<0.01,0.7084,0.4121,-0.0098
HCP,1024,6,adjusted_narrow,linear,-4.2738,,0.0000,<0.0001,0.9699,0.0000,-3.8613,linear,-0.5606,,0.0951,0.095,0.2786,0.0023,-2.4130
HCP,1024,6,adjusted_broad,exponential,-14.5082,-14.5082,0.0001,<0.001,0.9805,0.2660,-0.0275,exponential,-22.7397,-22.7397,0.0000,<0.0001,0.9948,0.4403,-0.1506
HCP,1024,10,binary,linear,-1.6880,,0.0000,<0.0001,0.9964,0.0000,-4.7496,linear,0.0000,,,NaN,,0.2432,-0.2227
HCP,1024,10,random_narrow,linear,-2.1826,,0.0000,<0.0001,0.9918,0.0000,-3.6554,linear,-0.5242,,0.0031,<0.01,0.6414,0.0001,-3.6110
HCP,1024,10,random_broad,linear,-7.3646,,0.0000,<0.0001,0.9120,0.1684,-0.0631,linear,-10.2273,,0.0001,<0.0001,0.8496,0.5235,-0.1226
HCP,1024,10,adjusted_narrow,linear,-2.0178,,0.0000,<0.0001,0.9818,0.0000,-3.2303,linear,-0.1182,,0.6659,0.666,0.0217,0.0011,-2.5954
HCP,1024,10,adjusted_broad,exponential,-8.8310,-8.8310,0.0001,<0.001,0.9720,0.1389,-0.0740,exponential,-15.3982,-15.3982,0.0001,<0.0001,0.9830,0.5382,-0.1765
HMCP,64,6,binary,linear,-1.2252,,0.0000,<0.0001,0.9893,0.1332,-0.1114,linear,-0.4073,,0.0000,<0.0001,0.8806,0.3202,0.2385
HMCP,64,6,random_narrow,linear,-1.2370,,0.0000,<0.0001,0.9880,0.2376,-0.1491,linear,-0.5382,,0.0000,<0.0001,0.9023,0.2461,0.2994
HMCP,64,6,random_broad,linear,-2.6292,,0.0000,<0.0001,0.9317,0.1506,-0.2118,linear,-2.8618,,0.0000,<0.0001,0.9059,0.4995,-0.1699
HMCP,64,6,adjusted_narrow,linear,-1.2287,,0.0000,<0.0001,0.9476,0.0988,-0.1905,linear,-0.5236,,0.0000,<0.0001,0.8988,0.2576,0.2582
HMCP,64,6,adjusted_broad,exponential,-2.2108,-2.2108,0.0279,<0.05,0.9250,0.2978,-0.0833,exponential,-3.8873,-3.8873,0.0016,<0.01,0.9501,0.5064,-0.0252
HMCP,64,10,binary,linear,-0.5557,,0.0000,<0.0001,0.9661,0.0000,1.2656,linear,-0.0545,,0.6010,0.601,0.0316,0.0896,0.5131
HMCP,64,10,random_narrow,linear,-0.5289,,0.0000,<0.0001,0.9334,0.0000,1.0710,linear,-0.0836,,0.4501,0.450,0.0648,0.0005,1.0137
HMCP,64,10,random_broad,linear,-1.4126,,0.0004,<0.001,0.7623,0.1597,-0.1773,linear,-1.1764,,0.0005,<0.001,0.7578,0.3460,-0.1762
HMCP,64,10,adjusted_narrow,linear,-0.5220,,0.0001,<0.001,0.8230,0.0000,0.9500,linear,-0.1455,,0.1676,0.168,0.2003,0.0006,0.8753
HMCP,64,10,adjusted_broad,exponential,-0.4940,-0.4940,0.2461,0.246,0.9766,0.4559,-0.0258,exponential,-0.9228,-0.9228,0.0355,<0.05,0.9806,0.5817,-0.0813
HMCP,128,6,binary,linear,-1.6567,,0.0000,<0.0001,0.9810,0.0901,-0.3566,linear,-0.6673,,0.0001,<0.0001,0.8423,0.0665,0.8697
HMCP,128,6,random_narrow,linear,-1.7163,,0.0000,<0.0001,0.9791,0.0002,-0.7505,linear,-0.8109,,0.0000,<0.0001,0.9686,0.0559,0.5495
HMCP,128,6,random_broad,linear,-4.0743,,0.0000,<0.0001,0.8780,0.1238,-0.2365,linear,-4.4655,,0.0000,<0.0001,0.8808,0.1603,-0.3536
HMCP,128,6,adjusted_narrow,linear,-1.7341,,0.0000,<0.0001,0.9293,0.0001,-0.8334,linear,-0.8200,,0.0000,<0.0001,0.9199,0.1921,0.4931
HMCP,128,6,adjusted_broad,exponential,-4.3313,-4.3313,0.0000,<0.0001,0.9859,0.0718,-0.0961,exponential,-5.5223,-5.5223,0.0000,<0.0001,0.9892,0.3764,-0.0916
HMCP,128,10,binary,linear,-1.0412,,0.0000,<0.0001,0.8919,0.0111,0.4555,linear,-0.2745,,0.0020,<0.01,0.6710,0.0034,0.7982
HMCP,128,10,random_narrow,linear,-1.0274,,0.0000,<0.0001,0.8887,0.0000,0.1437,linear,-0.4727,,0.0004,<0.001,0.7680,0.0000,1.3735
HMCP,128,10,random_broad,linear,-2.5932,,0.0000,<0.0001,0.8599,0.0762,-0.3758,linear,-2.4455,,0.0003,<0.001,0.7829,0.2045,-0.5191
HMCP,128,10,adjusted_narrow,linear,-1.0263,,0.0012,<0.01,0.7060,0.0043,-0.0960,linear,-0.4764,,0.0024,<0.01,0.6599,0.0015,1.0046
HMCP,128,10,adjusted_broad,exponential,-1.8980,-1.8980,0.0027,<0.01,0.9755,0.2639,-0.0558,exponential,-3.2914,-3.2914,0.0003,<0.001,0.9738,0.3902,-0.1718
HMCP,256,6,binary,linear,-1.8640,,0.0000,<0.0001,0.9244,0.0000,-2.9568,linear,-0.5091,,0.0013,<0.01,0.6996,0.1370,0.4209
HMCP,256,6,random_narrow,linear,-1.9558,,0.0000,<0.0001,0.9347,0.0000,-3.1013,linear,-0.6364,,0.0006,<0.001,0.7494,0.3590,-0.3729
HMCP,256,6,random_broad,linear,-5.6113,,0.0000,<0.0001,0.8921,0.1766,-0.2007,linear,-6.0855,,0.0003,<0.001,0.7828,0.2222,-0.4670
HMCP,256,6,adjusted_narrow,linear,-1.9553,,0.0000,<0.0001,0.8544,0.0000,-2.9822,linear,-0.6000,,0.0016,<0.01,0.6865,0.2514,-0.5301
HMCP,256,6,adjusted_broad,exponential,-5.7717,-5.7717,0.0003,<0.001,0.9638,0.3325,-0.0765,exponential,-8.7280,-8.7280,0.0000,<0.0001,0.9783,0.4909,-0.1057
HMCP,256,10,binary,linear,-1.4357,,0.0009,<0.001,0.7229,0.0000,-3.5457,linear,-0.4327,,0.0029,<0.01,0.6447,0.3316,0.4010
HMCP,256,10,random_narrow,linear,-1.4423,,0.0012,<0.01,0.7077,0.0000,-4.0495,linear,-0.7582,,0.0063,<0.01,0.5827,0.3467,0.5287
HMCP,256,10,random_broad,linear,-3.6572,,0.0002,<0.001,0.7977,0.0096,-0.4817,linear,-3.4673,,0.0023,<0.01,0.6619,0.0094,-1.0660
HMCP,256,10,adjusted_narrow,linear,-1.3734,,0.0078,<0.01,0.5632,0.0000,-4.1203,linear,-0.6673,,0.0382,<0.05,0.3955,0.2984,0.4551
HMCP,256,10,adjusted_broad,exponential,-4.4793,-4.4793,0.0016,<0.01,0.9450,0.1803,-0.0042,exponential,-7.0157,-7.0157,0.0002,<0.001,0.9661,0.2314,-0.1418
HMCP,512,6,binary,linear,-1.9959,,0.0000,<0.0001,0.9139,0.0000,-7.6023,linear,-0.1345,,0.1780,0.178,0.1917,0.3763,-0.3622
HMCP,512,6,random_narrow,linear,-2.1633,,0.0000,<0.0001,0.9230,0.0000,-7.2968,linear,-0.2291,,0.0054,<0.01,0.5959,0.0324,-1.7428
HMCP,512,6,random_broad,linear,-6.1477,,0.0000,<0.0001,0.8817,0.3667,-0.1205,linear,-7.4727,,0.0002,<0.001,0.8058,0.2241,-0.5399
HMCP,512,6,adjusted_narrow,linear,-2.2013,,0.0000,<0.0001,0.8673,0.0000,-6.4514,linear,-0.3055,,0.0339,<0.05,0.4098,0.0022,-1.7275
HMCP,512,6,adjusted_broad,exponential,-8.3075,-8.3075,0.0005,<0.001,0.9553,0.1567,-0.1048,exponential,-12.0921,-12.0921,0.0000,<0.0001,0.9832,0.3520,-0.2333
HMCP,512,10,binary,linear,-1.4498,,0.0045,<0.01,0.6111,0.0000,-12.6871,linear,-0.4255,,0.0609,0.061,0.3375,0.2027,0.5811
HMCP,512,10,random_narrow,linear,-1.5173,,0.0034,<0.01,0.6341,0.0000,-11.7035,linear,-0.3200,,0.0412,<0.05,0.3864,0.1579,-0.4790
HMCP,512,10,random_broad,linear,-4.1660,,0.0001,<0.001,0.8225,0.0971,-0.6353,linear,-3.7200,,0.0048,<0.01,0.6060,0.0453,-1.0705
HMCP,512,10,adjusted_narrow,linear,-1.4011,,0.0174,<0.05,0.4844,0.0000,-10.3552,linear,-0.2691,,0.2353,0.235,0.1524,0.2638,-0.5447
HMCP,512,10,adjusted_broad,exponential,-4.8330,-4.8330,0.0003,<0.001,0.9664,0.2681,-0.0773,exponential,-7.9374,-7.9374,0.0017,<0.01,0.9353,0.4516,-0.0626
HMCP,1024,6,binary,linear,-1.3988,,0.0101,<0.05,0.5388,0.0000,-23.4557,linear,-0.2909,,0.2251,0.225,0.1586,0.0000,-5.6466
HMCP,1024,6,random_narrow,linear,-1.8517,,0.0007,<0.001,0.7405,0.0000,-16.8517,linear,-0.4515,,0.0773,0.077,0.3064,0.0000,-6.9660
HMCP,1024,6,random_broad,linear,-4.1557,,0.0001,<0.001,0.8232,0.0284,-0.2033,linear,-4.8636,,0.0079,<0.01,0.5622,0.2066,-0.9836
HMCP,1024,6,adjusted_narrow,linear,-1.5523,,0.0123,<0.05,0.5200,0.0000,-19.1109,linear,-0.3909,,0.2180,0.218,0.1631,0.0000,-7.4494
HMCP,1024,6,adjusted_broad,exponential,-7.6477,-7.6477,0.0004,<0.001,0.9569,0.3156,-0.2518,exponential,-13.0531,-13.0531,0.0004,<0.001,0.9669,0.3928,-0.6031
HMCP,1024,10,binary,linear,-1.0871,,0.0240,<0.05,0.4495,0.0000,-24.6786,linear,-0.0303,,0.6999,0.700,0.0173,0.0680,-0.5238
HMCP,1024,10,random_narrow,linear,-1.2065,,0.0044,<0.01,0.6135,0.0000,-14.9111,linear,-0.2697,,0.0671,0.067,0.3249,0.0000,-4.6627
HMCP,1024,10,random_broad,linear,-4.0539,,0.0001,<0.0001,0.8410,0.0660,-0.5590,linear,-4.4485,,0.0032,<0.01,0.6372,0.0377,-1.2065
HMCP,1024,10,adjusted_narrow,linear,-1.1271,,0.0384,<0.05,0.3949,0.0000,-19.0231,linear,-0.2667,,0.0803,0.080,0.3013,0.0000,-4.1125
HMCP,1024,10,adjusted_broad,exponential,-5.8077,-5.8077,0.0001,<0.001,0.9693,0.1670,-0.1601,exponential,-8.6048,-8.6048,0.0001,<0.001,0.9701,0.6548,-0.2407
